timestamp,container,cpu_pct,mem_usage,mem_pct
2026-04-20T17:58:41Z,8da66479234942dc009ec84e8a3400ff772c3a81a7d3cff0bc9692b5e242bf92,12.88%,354.3MiB / 12GiB,2.88%
2026-04-20T17:58:41Z,b319a3f7c7c16d044477f1836e37bece739792c56820f1477bd3f9c420075f5b,0.02%,3.691MiB / 256MiB,1.44%
2026-04-20T17:58:41Z,31cc36f9d7b820b5a02846978ca10a28a6483a2f5a0bd15a0c515d61ed0376bd,0.71%,1.861GiB / 9GiB,20.68%
2026-04-20T17:58:41Z,8f639fdc8d151413229eca21f87217a559da480dd40abcc549af038a7b53f813,0.75%,2.373GiB / 4GiB,59.32%
2026-04-20T17:58:41Z,88b3bd505d461a68892586d441b55222ba02f719ea3456235cd90ec9ac245ec1,0.00%,29.75MiB / 31.3GiB,0.09%
2026-04-20T17:58:41Z,1ce7a3d06cdb6246f9fc70fa7ff48153c171c197f110f456297e0e7a4e2165eb,0.00%,8.148MiB / 512MiB,1.59%
2026-04-20T17:58:41Z,d6b977384d80c3a57cfb54c5a9c581d5ca880d76c2c1f2bd9cd67f490f67ae25,0.13%,117.7MiB / 2GiB,5.75%
2026-04-20T17:58:41Z,8d5fca34d5443b21d1761f5661daef07d2d9d7e1cb72b8177fe05670e9ae3ba8,5.48%,321.6MiB / 2GiB,15.71%
2026-04-20T17:58:41Z,78eea2df72e77ee0a3b90c68c32171bd6c09ef412139c638b90d4151abbf6f72,2.47%,7.223MiB / 1GiB,0.71%
2026-04-20T17:58:41Z,49b7e2540ff41fa5fef1bd0442ec50cc6a18f1780a6fc0a13bd1aa3c2de5f536,0.04%,9.934MiB / 512MiB,1.94%
2026-04-20T17:58:41Z,10c8496a280e3ec370eaf98ce0db6f74ebfc25b13118e4608a510cc2fb034794,0.02%,46.4MiB / 4GiB,1.13%
2026-04-20T17:58:41Z,707bd8a231a551b4a56b4248ed1915e574f25be6b63f66effcd1ed4f404a2dda,3.21%,47.72MiB / 512MiB,9.32%
2026-04-20T17:58:41Z,8c240331e94a063d2b64a8b8a9cb0a2380a64790faabc2f4f55ae505f342d41e,1.83%,278MiB / 1GiB,27.15%
2026-04-20T17:58:41Z,735f81c8f13e50c17f76e4a237e3d2d6805825cdb4495792c497889c396d270f,0.45%,268.8MiB / 1GiB,26.25%
2026-04-20T17:58:41Z,8b1931ea1977ce92f55d0a98e568c5cce0d52bd6750daa20d38ddddecab31302,33.54%,450.7MiB / 1GiB,44.02%
2026-04-20T17:58:41Z,89bf1864880be1818a9b138f876fe913b8dc653649d8367ab356d0d8cb416d55,0.00%,47.44MiB / 31.3GiB,0.15%
2026-04-20T17:59:14Z,8da66479234942dc009ec84e8a3400ff772c3a81a7d3cff0bc9692b5e242bf92,0.00%,354.8MiB / 12GiB,2.89%
2026-04-20T17:59:14Z,b319a3f7c7c16d044477f1836e37bece739792c56820f1477bd3f9c420075f5b,0.01%,3.691MiB / 256MiB,1.44%
2026-04-20T17:59:14Z,31cc36f9d7b820b5a02846978ca10a28a6483a2f5a0bd15a0c515d61ed0376bd,0.66%,1.861GiB / 9GiB,20.68%
2026-04-20T17:59:14Z,8f639fdc8d151413229eca21f87217a559da480dd40abcc549af038a7b53f813,0.79%,2.373GiB / 4GiB,59.32%
2026-04-20T17:59:14Z,88b3bd505d461a68892586d441b55222ba02f719ea3456235cd90ec9ac245ec1,0.00%,29.75MiB / 31.3GiB,0.09%
2026-04-20T17:59:14Z,1ce7a3d06cdb6246f9fc70fa7ff48153c171c197f110f456297e0e7a4e2165eb,0.00%,8.148MiB / 512MiB,1.59%
2026-04-20T17:59:14Z,d6b977384d80c3a57cfb54c5a9c581d5ca880d76c2c1f2bd9cd67f490f67ae25,0.28%,117.7MiB / 2GiB,5.75%
2026-04-20T17:59:14Z,8d5fca34d5443b21d1761f5661daef07d2d9d7e1cb72b8177fe05670e9ae3ba8,1.10%,321.6MiB / 2GiB,15.71%
2026-04-20T17:59:14Z,78eea2df72e77ee0a3b90c68c32171bd6c09ef412139c638b90d4151abbf6f72,2.52%,7.719MiB / 1GiB,0.75%
2026-04-20T17:59:14Z,49b7e2540ff41fa5fef1bd0442ec50cc6a18f1780a6fc0a13bd1aa3c2de5f536,0.03%,9.938MiB / 512MiB,1.94%
2026-04-20T17:59:14Z,10c8496a280e3ec370eaf98ce0db6f74ebfc25b13118e4608a510cc2fb034794,0.02%,46.41MiB / 4GiB,1.13%
2026-04-20T17:59:14Z,707bd8a231a551b4a56b4248ed1915e574f25be6b63f66effcd1ed4f404a2dda,0.00%,47.72MiB / 512MiB,9.32%
2026-04-20T17:59:14Z,8c240331e94a063d2b64a8b8a9cb0a2380a64790faabc2f4f55ae505f342d41e,2.03%,277.9MiB / 1GiB,27.13%
2026-04-20T17:59:14Z,735f81c8f13e50c17f76e4a237e3d2d6805825cdb4495792c497889c396d270f,0.45%,268.8MiB / 1GiB,26.25%
2026-04-20T17:59:14Z,8b1931ea1977ce92f55d0a98e568c5cce0d52bd6750daa20d38ddddecab31302,1.79%,451MiB / 1GiB,44.04%
2026-04-20T17:59:14Z,89bf1864880be1818a9b138f876fe913b8dc653649d8367ab356d0d8cb416d55,0.00%,47.42MiB / 31.3GiB,0.15%
2026-04-20T17:59:47Z,8da66479234942dc009ec84e8a3400ff772c3a81a7d3cff0bc9692b5e242bf92,16.24%,354.8MiB / 12GiB,2.89%
2026-04-20T17:59:47Z,b319a3f7c7c16d044477f1836e37bece739792c56820f1477bd3f9c420075f5b,4.20%,3.703MiB / 256MiB,1.45%
2026-04-20T17:59:47Z,31cc36f9d7b820b5a02846978ca10a28a6483a2f5a0bd15a0c515d61ed0376bd,186.21%,2.17GiB / 9GiB,24.12%
2026-04-20T17:59:47Z,8f639fdc8d151413229eca21f87217a559da480dd40abcc549af038a7b53f813,0.73%,2.373GiB / 4GiB,59.32%
2026-04-20T17:59:47Z,88b3bd505d461a68892586d441b55222ba02f719ea3456235cd90ec9ac245ec1,0.00%,29.75MiB / 31.3GiB,0.09%
2026-04-20T17:59:47Z,1ce7a3d06cdb6246f9fc70fa7ff48153c171c197f110f456297e0e7a4e2165eb,0.00%,8.148MiB / 512MiB,1.59%
2026-04-20T17:59:47Z,d6b977384d80c3a57cfb54c5a9c581d5ca880d76c2c1f2bd9cd67f490f67ae25,3.17%,117.7MiB / 2GiB,5.75%
2026-04-20T17:59:47Z,8d5fca34d5443b21d1761f5661daef07d2d9d7e1cb72b8177fe05670e9ae3ba8,1.18%,321.6MiB / 2GiB,15.71%
2026-04-20T17:59:47Z,78eea2df72e77ee0a3b90c68c32171bd6c09ef412139c638b90d4151abbf6f72,2.43%,7.469MiB / 1GiB,0.73%
2026-04-20T17:59:47Z,49b7e2540ff41fa5fef1bd0442ec50cc6a18f1780a6fc0a13bd1aa3c2de5f536,0.03%,9.938MiB / 512MiB,1.94%
2026-04-20T17:59:47Z,10c8496a280e3ec370eaf98ce0db6f74ebfc25b13118e4608a510cc2fb034794,3.21%,46.39MiB / 4GiB,1.13%
2026-04-20T17:59:47Z,707bd8a231a551b4a56b4248ed1915e574f25be6b63f66effcd1ed4f404a2dda,0.00%,47.72MiB / 512MiB,9.32%
2026-04-20T17:59:47Z,8c240331e94a063d2b64a8b8a9cb0a2380a64790faabc2f4f55ae505f342d41e,2.29%,277.8MiB / 1GiB,27.13%
2026-04-20T17:59:47Z,735f81c8f13e50c17f76e4a237e3d2d6805825cdb4495792c497889c396d270f,0.46%,268.8MiB / 1GiB,26.25%
2026-04-20T17:59:47Z,8b1931ea1977ce92f55d0a98e568c5cce0d52bd6750daa20d38ddddecab31302,5.43%,450.5MiB / 1GiB,43.99%
2026-04-20T17:59:47Z,89bf1864880be1818a9b138f876fe913b8dc653649d8367ab356d0d8cb416d55,0.00%,47.42MiB / 31.3GiB,0.15%
2026-04-20T18:00:19Z,8da66479234942dc009ec84e8a3400ff772c3a81a7d3cff0bc9692b5e242bf92,0.01%,354.8MiB / 12GiB,2.89%
2026-04-20T18:00:19Z,b319a3f7c7c16d044477f1836e37bece739792c56820f1477bd3f9c420075f5b,0.01%,3.785MiB / 256MiB,1.48%
2026-04-20T18:00:19Z,31cc36f9d7b820b5a02846978ca10a28a6483a2f5a0bd15a0c515d61ed0376bd,225.27%,2.087GiB / 9GiB,23.19%
2026-04-20T18:00:19Z,8f639fdc8d151413229eca21f87217a559da480dd40abcc549af038a7b53f813,0.72%,2.373GiB / 4GiB,59.32%
2026-04-20T18:00:19Z,88b3bd505d461a68892586d441b55222ba02f719ea3456235cd90ec9ac245ec1,0.00%,29.75MiB / 31.3GiB,0.09%
2026-04-20T18:00:19Z,1ce7a3d06cdb6246f9fc70fa7ff48153c171c197f110f456297e0e7a4e2165eb,0.00%,8.145MiB / 512MiB,1.59%
2026-04-20T18:00:19Z,d6b977384d80c3a57cfb54c5a9c581d5ca880d76c2c1f2bd9cd67f490f67ae25,0.23%,117.6MiB / 2GiB,5.74%
2026-04-20T18:00:19Z,8d5fca34d5443b21d1761f5661daef07d2d9d7e1cb72b8177fe05670e9ae3ba8,0.95%,321.6MiB / 2GiB,15.71%
2026-04-20T18:00:19Z,78eea2df72e77ee0a3b90c68c32171bd6c09ef412139c638b90d4151abbf6f72,2.24%,7.488MiB / 1GiB,0.73%
2026-04-20T18:00:19Z,49b7e2540ff41fa5fef1bd0442ec50cc6a18f1780a6fc0a13bd1aa3c2de5f536,0.02%,9.934MiB / 512MiB,1.94%
2026-04-20T18:00:19Z,10c8496a280e3ec370eaf98ce0db6f74ebfc25b13118e4608a510cc2fb034794,0.27%,46.4MiB / 4GiB,1.13%
2026-04-20T18:00:19Z,707bd8a231a551b4a56b4248ed1915e574f25be6b63f66effcd1ed4f404a2dda,0.00%,47.72MiB / 512MiB,9.32%
2026-04-20T18:00:19Z,8c240331e94a063d2b64a8b8a9cb0a2380a64790faabc2f4f55ae505f342d41e,3.17%,278.3MiB / 1GiB,27.18%
2026-04-20T18:00:19Z,735f81c8f13e50c17f76e4a237e3d2d6805825cdb4495792c497889c396d270f,0.39%,268.8MiB / 1GiB,26.25%
2026-04-20T18:00:19Z,8b1931ea1977ce92f55d0a98e568c5cce0d52bd6750daa20d38ddddecab31302,1.89%,450.6MiB / 1GiB,44.00%
2026-04-20T18:00:19Z,89bf1864880be1818a9b138f876fe913b8dc653649d8367ab356d0d8cb416d55,0.00%,47.38MiB / 31.3GiB,0.15%
2026-04-20T18:00:52Z,8da66479234942dc009ec84e8a3400ff772c3a81a7d3cff0bc9692b5e242bf92,1.17%,354.8MiB / 12GiB,2.89%
2026-04-20T18:00:52Z,b319a3f7c7c16d044477f1836e37bece739792c56820f1477bd3f9c420075f5b,0.03%,3.789MiB / 256MiB,1.48%
2026-04-20T18:00:52Z,31cc36f9d7b820b5a02846978ca10a28a6483a2f5a0bd15a0c515d61ed0376bd,13.37%,1.942GiB / 9GiB,21.57%
2026-04-20T18:00:52Z,8f639fdc8d151413229eca21f87217a559da480dd40abcc549af038a7b53f813,0.65%,2.373GiB / 4GiB,59.32%
2026-04-20T18:00:52Z,88b3bd505d461a68892586d441b55222ba02f719ea3456235cd90ec9ac245ec1,0.00%,29.06MiB / 31.3GiB,0.09%
2026-04-20T18:00:52Z,1ce7a3d06cdb6246f9fc70fa7ff48153c171c197f110f456297e0e7a4e2165eb,0.00%,8.145MiB / 512MiB,1.59%
2026-04-20T18:00:52Z,d6b977384d80c3a57cfb54c5a9c581d5ca880d76c2c1f2bd9cd67f490f67ae25,0.20%,117.6MiB / 2GiB,5.74%
2026-04-20T18:00:52Z,8d5fca34d5443b21d1761f5661daef07d2d9d7e1cb72b8177fe05670e9ae3ba8,0.68%,321.6MiB / 2GiB,15.71%
2026-04-20T18:00:52Z,78eea2df72e77ee0a3b90c68c32171bd6c09ef412139c638b90d4151abbf6f72,1.84%,7.219MiB / 1GiB,0.70%
2026-04-20T18:00:52Z,49b7e2540ff41fa5fef1bd0442ec50cc6a18f1780a6fc0a13bd1aa3c2de5f536,0.02%,9.93MiB / 512MiB,1.94%
2026-04-20T18:00:52Z,10c8496a280e3ec370eaf98ce0db6f74ebfc25b13118e4608a510cc2fb034794,0.01%,46.4MiB / 4GiB,1.13%
2026-04-20T18:00:52Z,707bd8a231a551b4a56b4248ed1915e574f25be6b63f66effcd1ed4f404a2dda,0.00%,47.72MiB / 512MiB,9.32%
2026-04-20T18:00:52Z,8c240331e94a063d2b64a8b8a9cb0a2380a64790faabc2f4f55ae505f342d41e,1.78%,277.8MiB / 1GiB,27.13%
2026-04-20T18:00:52Z,735f81c8f13e50c17f76e4a237e3d2d6805825cdb4495792c497889c396d270f,0.19%,268.8MiB / 1GiB,26.25%
2026-04-20T18:00:52Z,8b1931ea1977ce92f55d0a98e568c5cce0d52bd6750daa20d38ddddecab31302,3.35%,450.8MiB / 1GiB,44.03%
2026-04-20T18:00:52Z,89bf1864880be1818a9b138f876fe913b8dc653649d8367ab356d0d8cb416d55,0.00%,47.38MiB / 31.3GiB,0.15%
2026-04-20T18:01:25Z,8da66479234942dc009ec84e8a3400ff772c3a81a7d3cff0bc9692b5e242bf92,5.44%,354.6MiB / 12GiB,2.89%
2026-04-20T18:01:25Z,b319a3f7c7c16d044477f1836e37bece739792c56820f1477bd3f9c420075f5b,0.01%,3.996MiB / 256MiB,1.56%
2026-04-20T18:01:25Z,31cc36f9d7b820b5a02846978ca10a28a6483a2f5a0bd15a0c515d61ed0376bd,0.45%,1.921GiB / 9GiB,21.35%
2026-04-20T18:01:25Z,8f639fdc8d151413229eca21f87217a559da480dd40abcc549af038a7b53f813,0.64%,2.374GiB / 4GiB,59.35%
2026-04-20T18:01:25Z,88b3bd505d461a68892586d441b55222ba02f719ea3456235cd90ec9ac245ec1,0.00%,29.02MiB / 31.3GiB,0.09%
2026-04-20T18:01:25Z,1ce7a3d06cdb6246f9fc70fa7ff48153c171c197f110f456297e0e7a4e2165eb,0.00%,8.117MiB / 512MiB,1.59%
2026-04-20T18:01:25Z,d6b977384d80c3a57cfb54c5a9c581d5ca880d76c2c1f2bd9cd67f490f67ae25,0.14%,117.4MiB / 2GiB,5.73%
2026-04-20T18:01:25Z,8d5fca34d5443b21d1761f5661daef07d2d9d7e1cb72b8177fe05670e9ae3ba8,0.71%,321.6MiB / 2GiB,15.70%
2026-04-20T18:01:25Z,78eea2df72e77ee0a3b90c68c32171bd6c09ef412139c638b90d4151abbf6f72,1.89%,7.23MiB / 1GiB,0.71%
2026-04-20T18:01:25Z,49b7e2540ff41fa5fef1bd0442ec50cc6a18f1780a6fc0a13bd1aa3c2de5f536,0.02%,9.906MiB / 512MiB,1.93%
2026-04-20T18:01:25Z,10c8496a280e3ec370eaf98ce0db6f74ebfc25b13118e4608a510cc2fb034794,0.01%,46.36MiB / 4GiB,1.13%
2026-04-20T18:01:25Z,707bd8a231a551b4a56b4248ed1915e574f25be6b63f66effcd1ed4f404a2dda,0.00%,47.72MiB / 512MiB,9.32%
2026-04-20T18:01:25Z,8c240331e94a063d2b64a8b8a9cb0a2380a64790faabc2f4f55ae505f342d41e,1.76%,277.8MiB / 1GiB,27.13%
2026-04-20T18:01:25Z,735f81c8f13e50c17f76e4a237e3d2d6805825cdb4495792c497889c396d270f,0.21%,268.8MiB / 1GiB,26.25%
2026-04-20T18:01:25Z,8b1931ea1977ce92f55d0a98e568c5cce0d52bd6750daa20d38ddddecab31302,2.72%,314.8MiB / 1GiB,30.74%
2026-04-20T18:01:25Z,89bf1864880be1818a9b138f876fe913b8dc653649d8367ab356d0d8cb416d55,0.00%,47.03MiB / 31.3GiB,0.15%
2026-04-20T18:01:57Z,8da66479234942dc009ec84e8a3400ff772c3a81a7d3cff0bc9692b5e242bf92,15.44%,354.9MiB / 12GiB,2.89%
2026-04-20T18:01:57Z,b319a3f7c7c16d044477f1836e37bece739792c56820f1477bd3f9c420075f5b,0.01%,4MiB / 256MiB,1.56%
2026-04-20T18:01:57Z,31cc36f9d7b820b5a02846978ca10a28a6483a2f5a0bd15a0c515d61ed0376bd,0.55%,1.921GiB / 9GiB,21.35%
2026-04-20T18:01:57Z,8f639fdc8d151413229eca21f87217a559da480dd40abcc549af038a7b53f813,0.75%,2.374GiB / 4GiB,59.35%
2026-04-20T18:01:57Z,88b3bd505d461a68892586d441b55222ba02f719ea3456235cd90ec9ac245ec1,0.00%,29.02MiB / 31.3GiB,0.09%
2026-04-20T18:01:57Z,1ce7a3d06cdb6246f9fc70fa7ff48153c171c197f110f456297e0e7a4e2165eb,0.00%,8.117MiB / 512MiB,1.59%
2026-04-20T18:01:57Z,d6b977384d80c3a57cfb54c5a9c581d5ca880d76c2c1f2bd9cd67f490f67ae25,0.10%,117.4MiB / 2GiB,5.73%
2026-04-20T18:01:57Z,8d5fca34d5443b21d1761f5661daef07d2d9d7e1cb72b8177fe05670e9ae3ba8,0.90%,321.6MiB / 2GiB,15.70%
2026-04-20T18:01:57Z,78eea2df72e77ee0a3b90c68c32171bd6c09ef412139c638b90d4151abbf6f72,2.25%,7.465MiB / 1GiB,0.73%
2026-04-20T18:01:57Z,49b7e2540ff41fa5fef1bd0442ec50cc6a18f1780a6fc0a13bd1aa3c2de5f536,0.03%,9.91MiB / 512MiB,1.94%
2026-04-20T18:01:57Z,10c8496a280e3ec370eaf98ce0db6f74ebfc25b13118e4608a510cc2fb034794,0.17%,46.37MiB / 4GiB,1.13%
2026-04-20T18:01:57Z,707bd8a231a551b4a56b4248ed1915e574f25be6b63f66effcd1ed4f404a2dda,0.00%,47.73MiB / 512MiB,9.32%
2026-04-20T18:01:57Z,8c240331e94a063d2b64a8b8a9cb0a2380a64790faabc2f4f55ae505f342d41e,2.15%,278.1MiB / 1GiB,27.15%
2026-04-20T18:01:57Z,735f81c8f13e50c17f76e4a237e3d2d6805825cdb4495792c497889c396d270f,0.25%,268.8MiB / 1GiB,26.25%
2026-04-20T18:01:57Z,8b1931ea1977ce92f55d0a98e568c5cce0d52bd6750daa20d38ddddecab31302,6.67%,449.9MiB / 1GiB,43.94%
2026-04-20T18:01:57Z,89bf1864880be1818a9b138f876fe913b8dc653649d8367ab356d0d8cb416d55,0.00%,47.03MiB / 31.3GiB,0.15%
2026-04-20T18:02:30Z,8da66479234942dc009ec84e8a3400ff772c3a81a7d3cff0bc9692b5e242bf92,0.01%,354.6MiB / 12GiB,2.89%
2026-04-20T18:02:30Z,b319a3f7c7c16d044477f1836e37bece739792c56820f1477bd3f9c420075f5b,0.01%,4.008MiB / 256MiB,1.57%
2026-04-20T18:02:30Z,31cc36f9d7b820b5a02846978ca10a28a6483a2f5a0bd15a0c515d61ed0376bd,0.58%,1.921GiB / 9GiB,21.35%
2026-04-20T18:02:30Z,8f639fdc8d151413229eca21f87217a559da480dd40abcc549af038a7b53f813,0.71%,2.374GiB / 4GiB,59.35%
2026-04-20T18:02:30Z,88b3bd505d461a68892586d441b55222ba02f719ea3456235cd90ec9ac245ec1,0.00%,29.06MiB / 31.3GiB,0.09%
2026-04-20T18:02:30Z,1ce7a3d06cdb6246f9fc70fa7ff48153c171c197f110f456297e0e7a4e2165eb,0.00%,8.117MiB / 512MiB,1.59%
2026-04-20T18:02:30Z,d6b977384d80c3a57cfb54c5a9c581d5ca880d76c2c1f2bd9cd67f490f67ae25,0.23%,117.5MiB / 2GiB,5.74%
2026-04-20T18:02:30Z,8d5fca34d5443b21d1761f5661daef07d2d9d7e1cb72b8177fe05670e9ae3ba8,0.80%,321.6MiB / 2GiB,15.71%
2026-04-20T18:02:30Z,78eea2df72e77ee0a3b90c68c32171bd6c09ef412139c638b90d4151abbf6f72,2.15%,7.473MiB / 1GiB,0.73%
2026-04-20T18:02:30Z,49b7e2540ff41fa5fef1bd0442ec50cc6a18f1780a6fc0a13bd1aa3c2de5f536,0.02%,9.91MiB / 512MiB,1.94%
2026-04-20T18:02:30Z,10c8496a280e3ec370eaf98ce0db6f74ebfc25b13118e4608a510cc2fb034794,0.02%,46.36MiB / 4GiB,1.13%
2026-04-20T18:02:30Z,707bd8a231a551b4a56b4248ed1915e574f25be6b63f66effcd1ed4f404a2dda,0.00%,47.72MiB / 512MiB,9.32%
2026-04-20T18:02:30Z,8c240331e94a063d2b64a8b8a9cb0a2380a64790faabc2f4f55ae505f342d41e,1.82%,277.8MiB / 1GiB,27.13%
2026-04-20T18:02:30Z,735f81c8f13e50c17f76e4a237e3d2d6805825cdb4495792c497889c396d270f,0.38%,268.8MiB / 1GiB,26.25%
2026-04-20T18:02:30Z,8b1931ea1977ce92f55d0a98e568c5cce0d52bd6750daa20d38ddddecab31302,4.44%,313.9MiB / 1GiB,30.66%
2026-04-20T18:02:30Z,89bf1864880be1818a9b138f876fe913b8dc653649d8367ab356d0d8cb416d55,5.93%,47.04MiB / 31.3GiB,0.15%
2026-04-20T18:03:03Z,8da66479234942dc009ec84e8a3400ff772c3a81a7d3cff0bc9692b5e242bf92,1.63%,354.6MiB / 12GiB,2.89%
2026-04-20T18:03:03Z,b319a3f7c7c16d044477f1836e37bece739792c56820f1477bd3f9c420075f5b,0.02%,4.004MiB / 256MiB,1.56%
2026-04-20T18:03:03Z,31cc36f9d7b820b5a02846978ca10a28a6483a2f5a0bd15a0c515d61ed0376bd,0.44%,1.921GiB / 9GiB,21.35%
2026-04-20T18:03:03Z,8f639fdc8d151413229eca21f87217a559da480dd40abcc549af038a7b53f813,0.63%,2.374GiB / 4GiB,59.35%
2026-04-20T18:03:03Z,88b3bd505d461a68892586d441b55222ba02f719ea3456235cd90ec9ac245ec1,0.00%,29.75MiB / 31.3GiB,0.09%
2026-04-20T18:03:03Z,1ce7a3d06cdb6246f9fc70fa7ff48153c171c197f110f456297e0e7a4e2165eb,0.00%,8.121MiB / 512MiB,1.59%
2026-04-20T18:03:03Z,d6b977384d80c3a57cfb54c5a9c581d5ca880d76c2c1f2bd9cd67f490f67ae25,2.69%,117.5MiB / 2GiB,5.74%
2026-04-20T18:03:03Z,8d5fca34d5443b21d1761f5661daef07d2d9d7e1cb72b8177fe05670e9ae3ba8,0.70%,321.6MiB / 2GiB,15.71%
2026-04-20T18:03:03Z,78eea2df72e77ee0a3b90c68c32171bd6c09ef412139c638b90d4151abbf6f72,1.96%,7.469MiB / 1GiB,0.73%
2026-04-20T18:03:03Z,49b7e2540ff41fa5fef1bd0442ec50cc6a18f1780a6fc0a13bd1aa3c2de5f536,0.02%,9.91MiB / 512MiB,1.94%
2026-04-20T18:03:03Z,10c8496a280e3ec370eaf98ce0db6f74ebfc25b13118e4608a510cc2fb034794,3.15%,46.57MiB / 4GiB,1.14%
2026-04-20T18:03:03Z,707bd8a231a551b4a56b4248ed1915e574f25be6b63f66effcd1ed4f404a2dda,0.00%,47.72MiB / 512MiB,9.32%
2026-04-20T18:03:03Z,8c240331e94a063d2b64a8b8a9cb0a2380a64790faabc2f4f55ae505f342d41e,1.76%,277.8MiB / 1GiB,27.13%
2026-04-20T18:03:03Z,735f81c8f13e50c17f76e4a237e3d2d6805825cdb4495792c497889c396d270f,0.47%,268.8MiB / 1GiB,26.25%
2026-04-20T18:03:03Z,8b1931ea1977ce92f55d0a98e568c5cce0d52bd6750daa20d38ddddecab31302,2.90%,449.7MiB / 1GiB,43.92%
2026-04-20T18:03:03Z,89bf1864880be1818a9b138f876fe913b8dc653649d8367ab356d0d8cb416d55,0.00%,46.91MiB / 31.3GiB,0.15%
2026-04-20T18:03:35Z,8da66479234942dc009ec84e8a3400ff772c3a81a7d3cff0bc9692b5e242bf92,3.34%,354.5MiB / 12GiB,2.89%
2026-04-20T18:03:35Z,b319a3f7c7c16d044477f1836e37bece739792c56820f1477bd3f9c420075f5b,0.01%,4.086MiB / 256MiB,1.60%
2026-04-20T18:03:35Z,31cc36f9d7b820b5a02846978ca10a28a6483a2f5a0bd15a0c515d61ed0376bd,0.51%,1.921GiB / 9GiB,21.35%
2026-04-20T18:03:35Z,8f639fdc8d151413229eca21f87217a559da480dd40abcc549af038a7b53f813,0.68%,2.374GiB / 4GiB,59.35%
2026-04-20T18:03:35Z,88b3bd505d461a68892586d441b55222ba02f719ea3456235cd90ec9ac245ec1,0.01%,29.74MiB / 31.3GiB,0.09%
2026-04-20T18:03:35Z,1ce7a3d06cdb6246f9fc70fa7ff48153c171c197f110f456297e0e7a4e2165eb,0.00%,8.105MiB / 512MiB,1.58%
2026-04-20T18:03:35Z,d6b977384d80c3a57cfb54c5a9c581d5ca880d76c2c1f2bd9cd67f490f67ae25,0.27%,117.4MiB / 2GiB,5.73%
2026-04-20T18:03:35Z,8d5fca34d5443b21d1761f5661daef07d2d9d7e1cb72b8177fe05670e9ae3ba8,0.79%,321.4MiB / 2GiB,15.69%
2026-04-20T18:03:35Z,78eea2df72e77ee0a3b90c68c32171bd6c09ef412139c638b90d4151abbf6f72,2.08%,7.48MiB / 1GiB,0.73%
2026-04-20T18:03:35Z,49b7e2540ff41fa5fef1bd0442ec50cc6a18f1780a6fc0a13bd1aa3c2de5f536,0.03%,9.883MiB / 512MiB,1.93%
2026-04-20T18:03:35Z,10c8496a280e3ec370eaf98ce0db6f74ebfc25b13118e4608a510cc2fb034794,0.04%,46.32MiB / 4GiB,1.13%
2026-04-20T18:03:35Z,707bd8a231a551b4a56b4248ed1915e574f25be6b63f66effcd1ed4f404a2dda,0.00%,47.72MiB / 512MiB,9.32%
2026-04-20T18:03:35Z,8c240331e94a063d2b64a8b8a9cb0a2380a64790faabc2f4f55ae505f342d41e,1.82%,277.8MiB / 1GiB,27.13%
2026-04-20T18:03:35Z,735f81c8f13e50c17f76e4a237e3d2d6805825cdb4495792c497889c396d270f,0.50%,268.8MiB / 1GiB,26.25%
2026-04-20T18:03:35Z,8b1931ea1977ce92f55d0a98e568c5cce0d52bd6750daa20d38ddddecab31302,3.06%,313.7MiB / 1GiB,30.63%
2026-04-20T18:03:35Z,89bf1864880be1818a9b138f876fe913b8dc653649d8367ab356d0d8cb416d55,0.00%,46.77MiB / 31.3GiB,0.15%
2026-04-20T18:04:08Z,8da66479234942dc009ec84e8a3400ff772c3a81a7d3cff0bc9692b5e242bf92,14.51%,355MiB / 12GiB,2.89%
2026-04-20T18:04:08Z,b319a3f7c7c16d044477f1836e37bece739792c56820f1477bd3f9c420075f5b,4.19%,4.117MiB / 256MiB,1.61%
2026-04-20T18:04:08Z,31cc36f9d7b820b5a02846978ca10a28a6483a2f5a0bd15a0c515d61ed0376bd,214.65%,2.115GiB / 9GiB,23.50%
2026-04-20T18:04:08Z,8f639fdc8d151413229eca21f87217a559da480dd40abcc549af038a7b53f813,0.70%,2.374GiB / 4GiB,59.35%
2026-04-20T18:04:08Z,88b3bd505d461a68892586d441b55222ba02f719ea3456235cd90ec9ac245ec1,0.00%,29.74MiB / 31.3GiB,0.09%
2026-04-20T18:04:08Z,1ce7a3d06cdb6246f9fc70fa7ff48153c171c197f110f456297e0e7a4e2165eb,0.00%,8.105MiB / 512MiB,1.58%
2026-04-20T18:04:08Z,d6b977384d80c3a57cfb54c5a9c581d5ca880d76c2c1f2bd9cd67f490f67ae25,0.22%,117.4MiB / 2GiB,5.73%
2026-04-20T18:04:08Z,8d5fca34d5443b21d1761f5661daef07d2d9d7e1cb72b8177fe05670e9ae3ba8,0.95%,321.4MiB / 2GiB,15.70%
2026-04-20T18:04:08Z,78eea2df72e77ee0a3b90c68c32171bd6c09ef412139c638b90d4151abbf6f72,2.23%,7.223MiB / 1GiB,0.71%
2026-04-20T18:04:08Z,49b7e2540ff41fa5fef1bd0442ec50cc6a18f1780a6fc0a13bd1aa3c2de5f536,0.03%,9.891MiB / 512MiB,1.93%
2026-04-20T18:04:08Z,10c8496a280e3ec370eaf98ce0db6f74ebfc25b13118e4608a510cc2fb034794,0.43%,46.32MiB / 4GiB,1.13%
2026-04-20T18:04:08Z,707bd8a231a551b4a56b4248ed1915e574f25be6b63f66effcd1ed4f404a2dda,0.00%,47.72MiB / 512MiB,9.32%
2026-04-20T18:04:08Z,8c240331e94a063d2b64a8b8a9cb0a2380a64790faabc2f4f55ae505f342d41e,1.97%,277.8MiB / 1GiB,27.13%
2026-04-20T18:04:08Z,735f81c8f13e50c17f76e4a237e3d2d6805825cdb4495792c497889c396d270f,0.42%,268.8MiB / 1GiB,26.25%
2026-04-20T18:04:08Z,8b1931ea1977ce92f55d0a98e568c5cce0d52bd6750daa20d38ddddecab31302,89.60%,509.9MiB / 1GiB,49.80%
2026-04-20T18:04:08Z,89bf1864880be1818a9b138f876fe913b8dc653649d8367ab356d0d8cb416d55,0.00%,46.84MiB / 31.3GiB,0.15%
2026-04-20T18:04:41Z,8da66479234942dc009ec84e8a3400ff772c3a81a7d3cff0bc9692b5e242bf92,11.75%,356MiB / 12GiB,2.90%
2026-04-20T18:04:41Z,b319a3f7c7c16d044477f1836e37bece739792c56820f1477bd3f9c420075f5b,0.03%,4.098MiB / 256MiB,1.60%
2026-04-20T18:04:41Z,31cc36f9d7b820b5a02846978ca10a28a6483a2f5a0bd15a0c515d61ed0376bd,0.45%,1.924GiB / 9GiB,21.38%
2026-04-20T18:04:41Z,8f639fdc8d151413229eca21f87217a559da480dd40abcc549af038a7b53f813,0.71%,2.374GiB / 4GiB,59.35%
2026-04-20T18:04:41Z,88b3bd505d461a68892586d441b55222ba02f719ea3456235cd90ec9ac245ec1,0.00%,29.77MiB / 31.3GiB,0.09%
2026-04-20T18:04:41Z,1ce7a3d06cdb6246f9fc70fa7ff48153c171c197f110f456297e0e7a4e2165eb,0.00%,8.105MiB / 512MiB,1.58%
2026-04-20T18:04:41Z,d6b977384d80c3a57cfb54c5a9c581d5ca880d76c2c1f2bd9cd67f490f67ae25,0.17%,117.4MiB / 2GiB,5.73%
2026-04-20T18:04:41Z,8d5fca34d5443b21d1761f5661daef07d2d9d7e1cb72b8177fe05670e9ae3ba8,0.78%,321.4MiB / 2GiB,15.70%
2026-04-20T18:04:41Z,78eea2df72e77ee0a3b90c68c32171bd6c09ef412139c638b90d4151abbf6f72,1.97%,7.219MiB / 1GiB,0.70%
2026-04-20T18:04:41Z,49b7e2540ff41fa5fef1bd0442ec50cc6a18f1780a6fc0a13bd1aa3c2de5f536,3.02%,9.887MiB / 512MiB,1.93%
2026-04-20T18:04:41Z,10c8496a280e3ec370eaf98ce0db6f74ebfc25b13118e4608a510cc2fb034794,0.03%,46.32MiB / 4GiB,1.13%
2026-04-20T18:04:41Z,707bd8a231a551b4a56b4248ed1915e574f25be6b63f66effcd1ed4f404a2dda,0.00%,47.73MiB / 512MiB,9.32%
2026-04-20T18:04:41Z,8c240331e94a063d2b64a8b8a9cb0a2380a64790faabc2f4f55ae505f342d41e,3.17%,278.9MiB / 1GiB,27.23%
2026-04-20T18:04:41Z,735f81c8f13e50c17f76e4a237e3d2d6805825cdb4495792c497889c396d270f,0.22%,268.8MiB / 1GiB,26.25%
2026-04-20T18:04:41Z,8b1931ea1977ce92f55d0a98e568c5cce0d52bd6750daa20d38ddddecab31302,82.11%,313.9MiB / 1GiB,30.65%
2026-04-20T18:04:41Z,89bf1864880be1818a9b138f876fe913b8dc653649d8367ab356d0d8cb416d55,0.00%,46.84MiB / 31.3GiB,0.15%
2026-04-20T18:05:13Z,8da66479234942dc009ec84e8a3400ff772c3a81a7d3cff0bc9692b5e242bf92,4.45%,356MiB / 12GiB,2.90%
2026-04-20T18:05:13Z,b319a3f7c7c16d044477f1836e37bece739792c56820f1477bd3f9c420075f5b,0.01%,4.094MiB / 256MiB,1.60%
2026-04-20T18:05:13Z,31cc36f9d7b820b5a02846978ca10a28a6483a2f5a0bd15a0c515d61ed0376bd,0.49%,1.924GiB / 9GiB,21.38%
2026-04-20T18:05:13Z,8f639fdc8d151413229eca21f87217a559da480dd40abcc549af038a7b53f813,0.72%,2.374GiB / 4GiB,59.36%
2026-04-20T18:05:13Z,88b3bd505d461a68892586d441b55222ba02f719ea3456235cd90ec9ac245ec1,0.00%,29.77MiB / 31.3GiB,0.09%
2026-04-20T18:05:13Z,1ce7a3d06cdb6246f9fc70fa7ff48153c171c197f110f456297e0e7a4e2165eb,0.00%,8.105MiB / 512MiB,1.58%
2026-04-20T18:05:13Z,d6b977384d80c3a57cfb54c5a9c581d5ca880d76c2c1f2bd9cd67f490f67ae25,0.23%,117.4MiB / 2GiB,5.73%
2026-04-20T18:05:13Z,8d5fca34d5443b21d1761f5661daef07d2d9d7e1cb72b8177fe05670e9ae3ba8,0.79%,321.4MiB / 2GiB,15.70%
2026-04-20T18:05:13Z,78eea2df72e77ee0a3b90c68c32171bd6c09ef412139c638b90d4151abbf6f72,2.01%,7.738MiB / 1GiB,0.76%
2026-04-20T18:05:13Z,49b7e2540ff41fa5fef1bd0442ec50cc6a18f1780a6fc0a13bd1aa3c2de5f536,0.02%,9.891MiB / 512MiB,1.93%
2026-04-20T18:05:13Z,10c8496a280e3ec370eaf98ce0db6f74ebfc25b13118e4608a510cc2fb034794,0.27%,46.33MiB / 4GiB,1.13%
2026-04-20T18:05:13Z,707bd8a231a551b4a56b4248ed1915e574f25be6b63f66effcd1ed4f404a2dda,3.40%,47.73MiB / 512MiB,9.32%
2026-04-20T18:05:13Z,8c240331e94a063d2b64a8b8a9cb0a2380a64790faabc2f4f55ae505f342d41e,1.68%,277.8MiB / 1GiB,27.13%
2026-04-20T18:05:13Z,735f81c8f13e50c17f76e4a237e3d2d6805825cdb4495792c497889c396d270f,0.26%,268.8MiB / 1GiB,26.25%
2026-04-20T18:05:13Z,8b1931ea1977ce92f55d0a98e568c5cce0d52bd6750daa20d38ddddecab31302,14.63%,450.2MiB / 1GiB,43.96%
2026-04-20T18:05:13Z,89bf1864880be1818a9b138f876fe913b8dc653649d8367ab356d0d8cb416d55,0.00%,46.85MiB / 31.3GiB,0.15%
2026-04-20T18:05:46Z,8da66479234942dc009ec84e8a3400ff772c3a81a7d3cff0bc9692b5e242bf92,1.23%,356MiB / 12GiB,2.90%
2026-04-20T18:05:46Z,b319a3f7c7c16d044477f1836e37bece739792c56820f1477bd3f9c420075f5b,0.01%,4.09MiB / 256MiB,1.60%
2026-04-20T18:05:46Z,31cc36f9d7b820b5a02846978ca10a28a6483a2f5a0bd15a0c515d61ed0376bd,165.96%,1.924GiB / 9GiB,21.38%
2026-04-20T18:05:46Z,8f639fdc8d151413229eca21f87217a559da480dd40abcc549af038a7b53f813,0.77%,2.374GiB / 4GiB,59.35%
2026-04-20T18:05:46Z,88b3bd505d461a68892586d441b55222ba02f719ea3456235cd90ec9ac245ec1,0.00%,26.64MiB / 31.3GiB,0.08%
2026-04-20T18:05:46Z,1ce7a3d06cdb6246f9fc70fa7ff48153c171c197f110f456297e0e7a4e2165eb,0.00%,8.105MiB / 512MiB,1.58%
2026-04-20T18:05:46Z,d6b977384d80c3a57cfb54c5a9c581d5ca880d76c2c1f2bd9cd67f490f67ae25,0.27%,117.4MiB / 2GiB,5.73%
2026-04-20T18:05:46Z,8d5fca34d5443b21d1761f5661daef07d2d9d7e1cb72b8177fe05670e9ae3ba8,0.85%,321.4MiB / 2GiB,15.70%
2026-04-20T18:05:46Z,78eea2df72e77ee0a3b90c68c32171bd6c09ef412139c638b90d4151abbf6f72,2.07%,7.473MiB / 1GiB,0.73%
2026-04-20T18:05:46Z,49b7e2540ff41fa5fef1bd0442ec50cc6a18f1780a6fc0a13bd1aa3c2de5f536,0.02%,9.887MiB / 512MiB,1.93%
2026-04-20T18:05:46Z,10c8496a280e3ec370eaf98ce0db6f74ebfc25b13118e4608a510cc2fb034794,0.02%,46.33MiB / 4GiB,1.13%
2026-04-20T18:05:46Z,707bd8a231a551b4a56b4248ed1915e574f25be6b63f66effcd1ed4f404a2dda,0.00%,47.72MiB / 512MiB,9.32%
2026-04-20T18:05:46Z,8c240331e94a063d2b64a8b8a9cb0a2380a64790faabc2f4f55ae505f342d41e,1.89%,278.1MiB / 1GiB,27.15%
2026-04-20T18:05:46Z,735f81c8f13e50c17f76e4a237e3d2d6805825cdb4495792c497889c396d270f,0.21%,268.8MiB / 1GiB,26.25%
2026-04-20T18:05:46Z,8b1931ea1977ce92f55d0a98e568c5cce0d52bd6750daa20d38ddddecab31302,2.09%,314.2MiB / 1GiB,30.68%
2026-04-20T18:05:46Z,89bf1864880be1818a9b138f876fe913b8dc653649d8367ab356d0d8cb416d55,0.00%,46.86MiB / 31.3GiB,0.15%
2026-04-20T18:06:19Z,8da66479234942dc009ec84e8a3400ff772c3a81a7d3cff0bc9692b5e242bf92,8.78%,356MiB / 12GiB,2.90%
2026-04-20T18:06:19Z,b319a3f7c7c16d044477f1836e37bece739792c56820f1477bd3f9c420075f5b,0.01%,4.09MiB / 256MiB,1.60%
2026-04-20T18:06:19Z,31cc36f9d7b820b5a02846978ca10a28a6483a2f5a0bd15a0c515d61ed0376bd,0.53%,1.924GiB / 9GiB,21.38%
2026-04-20T18:06:19Z,8f639fdc8d151413229eca21f87217a559da480dd40abcc549af038a7b53f813,0.62%,2.374GiB / 4GiB,59.36%
2026-04-20T18:06:19Z,88b3bd505d461a68892586d441b55222ba02f719ea3456235cd90ec9ac245ec1,0.00%,26.64MiB / 31.3GiB,0.08%
2026-04-20T18:06:19Z,1ce7a3d06cdb6246f9fc70fa7ff48153c171c197f110f456297e0e7a4e2165eb,0.00%,8.105MiB / 512MiB,1.58%
2026-04-20T18:06:19Z,d6b977384d80c3a57cfb54c5a9c581d5ca880d76c2c1f2bd9cd67f490f67ae25,0.36%,117.4MiB / 2GiB,5.73%
2026-04-20T18:06:19Z,8d5fca34d5443b21d1761f5661daef07d2d9d7e1cb72b8177fe05670e9ae3ba8,0.75%,321.4MiB / 2GiB,15.70%
2026-04-20T18:06:19Z,78eea2df72e77ee0a3b90c68c32171bd6c09ef412139c638b90d4151abbf6f72,1.93%,7.977MiB / 1GiB,0.78%
2026-04-20T18:06:19Z,49b7e2540ff41fa5fef1bd0442ec50cc6a18f1780a6fc0a13bd1aa3c2de5f536,0.02%,9.883MiB / 512MiB,1.93%
2026-04-20T18:06:19Z,10c8496a280e3ec370eaf98ce0db6f74ebfc25b13118e4608a510cc2fb034794,1.99%,46.33MiB / 4GiB,1.13%
2026-04-20T18:06:19Z,707bd8a231a551b4a56b4248ed1915e574f25be6b63f66effcd1ed4f404a2dda,0.00%,47.72MiB / 512MiB,9.32%
2026-04-20T18:06:19Z,8c240331e94a063d2b64a8b8a9cb0a2380a64790faabc2f4f55ae505f342d41e,1.80%,277.8MiB / 1GiB,27.13%
2026-04-20T18:06:19Z,735f81c8f13e50c17f76e4a237e3d2d6805825cdb4495792c497889c396d270f,0.28%,268.8MiB / 1GiB,26.25%
2026-04-20T18:06:19Z,8b1931ea1977ce92f55d0a98e568c5cce0d52bd6750daa20d38ddddecab31302,3.09%,450.2MiB / 1GiB,43.96%
2026-04-20T18:06:19Z,89bf1864880be1818a9b138f876fe913b8dc653649d8367ab356d0d8cb416d55,0.00%,46.85MiB / 31.3GiB,0.15%
2026-04-20T18:06:51Z,8da66479234942dc009ec84e8a3400ff772c3a81a7d3cff0bc9692b5e242bf92,1.02%,356MiB / 12GiB,2.90%
2026-04-20T18:06:51Z,b319a3f7c7c16d044477f1836e37bece739792c56820f1477bd3f9c420075f5b,0.02%,4.09MiB / 256MiB,1.60%
2026-04-20T18:06:51Z,31cc36f9d7b820b5a02846978ca10a28a6483a2f5a0bd15a0c515d61ed0376bd,0.48%,1.924GiB / 9GiB,21.38%
2026-04-20T18:06:51Z,8f639fdc8d151413229eca21f87217a559da480dd40abcc549af038a7b53f813,0.62%,2.374GiB / 4GiB,59.35%
2026-04-20T18:06:51Z,88b3bd505d461a68892586d441b55222ba02f719ea3456235cd90ec9ac245ec1,0.00%,26.64MiB / 31.3GiB,0.08%
2026-04-20T18:06:51Z,1ce7a3d06cdb6246f9fc70fa7ff48153c171c197f110f456297e0e7a4e2165eb,0.00%,8.105MiB / 512MiB,1.58%
2026-04-20T18:06:51Z,d6b977384d80c3a57cfb54c5a9c581d5ca880d76c2c1f2bd9cd67f490f67ae25,0.18%,117.4MiB / 2GiB,5.73%
2026-04-20T18:06:51Z,8d5fca34d5443b21d1761f5661daef07d2d9d7e1cb72b8177fe05670e9ae3ba8,0.83%,321.4MiB / 2GiB,15.70%
2026-04-20T18:06:51Z,78eea2df72e77ee0a3b90c68c32171bd6c09ef412139c638b90d4151abbf6f72,2.08%,7.223MiB / 1GiB,0.71%
2026-04-20T18:06:51Z,49b7e2540ff41fa5fef1bd0442ec50cc6a18f1780a6fc0a13bd1aa3c2de5f536,0.03%,9.883MiB / 512MiB,1.93%
2026-04-20T18:06:51Z,10c8496a280e3ec370eaf98ce0db6f74ebfc25b13118e4608a510cc2fb034794,0.02%,46.32MiB / 4GiB,1.13%
2026-04-20T18:06:51Z,707bd8a231a551b4a56b4248ed1915e574f25be6b63f66effcd1ed4f404a2dda,0.00%,47.72MiB / 512MiB,9.32%
2026-04-20T18:06:51Z,8c240331e94a063d2b64a8b8a9cb0a2380a64790faabc2f4f55ae505f342d41e,1.97%,277.8MiB / 1GiB,27.13%
2026-04-20T18:06:51Z,735f81c8f13e50c17f76e4a237e3d2d6805825cdb4495792c497889c396d270f,0.36%,268.8MiB / 1GiB,26.25%
2026-04-20T18:06:51Z,8b1931ea1977ce92f55d0a98e568c5cce0d52bd6750daa20d38ddddecab31302,2.11%,313.8MiB / 1GiB,30.65%
2026-04-20T18:06:51Z,89bf1864880be1818a9b138f876fe913b8dc653649d8367ab356d0d8cb416d55,0.00%,46.85MiB / 31.3GiB,0.15%
2026-04-20T18:07:24Z,8da66479234942dc009ec84e8a3400ff772c3a81a7d3cff0bc9692b5e242bf92,1.39%,357.6MiB / 12GiB,2.91%
2026-04-20T18:07:24Z,b319a3f7c7c16d044477f1836e37bece739792c56820f1477bd3f9c420075f5b,0.02%,4.094MiB / 256MiB,1.60%
2026-04-20T18:07:24Z,31cc36f9d7b820b5a02846978ca10a28a6483a2f5a0bd15a0c515d61ed0376bd,0.48%,1.924GiB / 9GiB,21.38%
2026-04-20T18:07:24Z,8f639fdc8d151413229eca21f87217a559da480dd40abcc549af038a7b53f813,0.60%,2.374GiB / 4GiB,59.35%
2026-04-20T18:07:24Z,88b3bd505d461a68892586d441b55222ba02f719ea3456235cd90ec9ac245ec1,0.00%,26.64MiB / 31.3GiB,0.08%
2026-04-20T18:07:24Z,1ce7a3d06cdb6246f9fc70fa7ff48153c171c197f110f456297e0e7a4e2165eb,0.00%,8.105MiB / 512MiB,1.58%
2026-04-20T18:07:24Z,d6b977384d80c3a57cfb54c5a9c581d5ca880d76c2c1f2bd9cd67f490f67ae25,0.31%,117.4MiB / 2GiB,5.73%
2026-04-20T18:07:24Z,8d5fca34d5443b21d1761f5661daef07d2d9d7e1cb72b8177fe05670e9ae3ba8,0.75%,321.4MiB / 2GiB,15.70%
2026-04-20T18:07:24Z,78eea2df72e77ee0a3b90c68c32171bd6c09ef412139c638b90d4151abbf6f72,1.95%,7.465MiB / 1GiB,0.73%
2026-04-20T18:07:24Z,49b7e2540ff41fa5fef1bd0442ec50cc6a18f1780a6fc0a13bd1aa3c2de5f536,0.02%,9.883MiB / 512MiB,1.93%
2026-04-20T18:07:24Z,10c8496a280e3ec370eaf98ce0db6f74ebfc25b13118e4608a510cc2fb034794,0.01%,46.32MiB / 4GiB,1.13%
2026-04-20T18:07:24Z,707bd8a231a551b4a56b4248ed1915e574f25be6b63f66effcd1ed4f404a2dda,0.00%,47.72MiB / 512MiB,9.32%
2026-04-20T18:07:24Z,8c240331e94a063d2b64a8b8a9cb0a2380a64790faabc2f4f55ae505f342d41e,1.78%,277.8MiB / 1GiB,27.13%
2026-04-20T18:07:24Z,735f81c8f13e50c17f76e4a237e3d2d6805825cdb4495792c497889c396d270f,0.29%,268.8MiB / 1GiB,26.25%
2026-04-20T18:07:24Z,8b1931ea1977ce92f55d0a98e568c5cce0d52bd6750daa20d38ddddecab31302,2.28%,449.7MiB / 1GiB,43.92%
2026-04-20T18:07:24Z,89bf1864880be1818a9b138f876fe913b8dc653649d8367ab356d0d8cb416d55,0.00%,46.86MiB / 31.3GiB,0.15%
2026-04-20T18:07:57Z,8da66479234942dc009ec84e8a3400ff772c3a81a7d3cff0bc9692b5e242bf92,0.00%,356MiB / 12GiB,2.90%
2026-04-20T18:07:57Z,b319a3f7c7c16d044477f1836e37bece739792c56820f1477bd3f9c420075f5b,0.02%,4.09MiB / 256MiB,1.60%
2026-04-20T18:07:57Z,31cc36f9d7b820b5a02846978ca10a28a6483a2f5a0bd15a0c515d61ed0376bd,0.45%,1.924GiB / 9GiB,21.38%
2026-04-20T18:07:57Z,8f639fdc8d151413229eca21f87217a559da480dd40abcc549af038a7b53f813,0.75%,2.374GiB / 4GiB,59.35%
2026-04-20T18:07:57Z,88b3bd505d461a68892586d441b55222ba02f719ea3456235cd90ec9ac245ec1,0.00%,29.69MiB / 31.3GiB,0.09%
2026-04-20T18:07:57Z,1ce7a3d06cdb6246f9fc70fa7ff48153c171c197f110f456297e0e7a4e2165eb,0.00%,8.105MiB / 512MiB,1.58%
2026-04-20T18:07:57Z,d6b977384d80c3a57cfb54c5a9c581d5ca880d76c2c1f2bd9cd67f490f67ae25,0.15%,117.4MiB / 2GiB,5.73%
2026-04-20T18:07:57Z,8d5fca34d5443b21d1761f5661daef07d2d9d7e1cb72b8177fe05670e9ae3ba8,0.70%,321.4MiB / 2GiB,15.70%
2026-04-20T18:07:57Z,78eea2df72e77ee0a3b90c68c32171bd6c09ef412139c638b90d4151abbf6f72,2.01%,7.219MiB / 1GiB,0.70%
2026-04-20T18:07:57Z,49b7e2540ff41fa5fef1bd0442ec50cc6a18f1780a6fc0a13bd1aa3c2de5f536,0.03%,9.883MiB / 512MiB,1.93%
2026-04-20T18:07:57Z,10c8496a280e3ec370eaf98ce0db6f74ebfc25b13118e4608a510cc2fb034794,0.02%,46.32MiB / 4GiB,1.13%
2026-04-20T18:07:57Z,707bd8a231a551b4a56b4248ed1915e574f25be6b63f66effcd1ed4f404a2dda,0.00%,47.72MiB / 512MiB,9.32%
2026-04-20T18:07:57Z,8c240331e94a063d2b64a8b8a9cb0a2380a64790faabc2f4f55ae505f342d41e,2.99%,278.2MiB / 1GiB,27.17%
2026-04-20T18:07:57Z,735f81c8f13e50c17f76e4a237e3d2d6805825cdb4495792c497889c396d270f,0.49%,268.8MiB / 1GiB,26.25%
2026-04-20T18:07:57Z,8b1931ea1977ce92f55d0a98e568c5cce0d52bd6750daa20d38ddddecab31302,1.54%,313.6MiB / 1GiB,30.62%
2026-04-20T18:07:57Z,89bf1864880be1818a9b138f876fe913b8dc653649d8367ab356d0d8cb416d55,0.00%,46.86MiB / 31.3GiB,0.15%
2026-04-20T18:08:29Z,8da66479234942dc009ec84e8a3400ff772c3a81a7d3cff0bc9692b5e242bf92,0.01%,356MiB / 12GiB,2.90%
2026-04-20T18:08:29Z,b319a3f7c7c16d044477f1836e37bece739792c56820f1477bd3f9c420075f5b,0.01%,4.09MiB / 256MiB,1.60%
2026-04-20T18:08:29Z,31cc36f9d7b820b5a02846978ca10a28a6483a2f5a0bd15a0c515d61ed0376bd,0.55%,1.924GiB / 9GiB,21.38%
2026-04-20T18:08:29Z,8f639fdc8d151413229eca21f87217a559da480dd40abcc549af038a7b53f813,0.60%,2.374GiB / 4GiB,59.35%
2026-04-20T18:08:29Z,88b3bd505d461a68892586d441b55222ba02f719ea3456235cd90ec9ac245ec1,0.00%,29.69MiB / 31.3GiB,0.09%
2026-04-20T18:08:29Z,1ce7a3d06cdb6246f9fc70fa7ff48153c171c197f110f456297e0e7a4e2165eb,0.00%,8.105MiB / 512MiB,1.58%
2026-04-20T18:08:29Z,d6b977384d80c3a57cfb54c5a9c581d5ca880d76c2c1f2bd9cd67f490f67ae25,0.21%,117.4MiB / 2GiB,5.73%
2026-04-20T18:08:29Z,8d5fca34d5443b21d1761f5661daef07d2d9d7e1cb72b8177fe05670e9ae3ba8,0.74%,321.4MiB / 2GiB,15.70%
2026-04-20T18:08:29Z,78eea2df72e77ee0a3b90c68c32171bd6c09ef412139c638b90d4151abbf6f72,2.03%,7.484MiB / 1GiB,0.73%
2026-04-20T18:08:29Z,49b7e2540ff41fa5fef1bd0442ec50cc6a18f1780a6fc0a13bd1aa3c2de5f536,0.03%,9.887MiB / 512MiB,1.93%
2026-04-20T18:08:29Z,10c8496a280e3ec370eaf98ce0db6f74ebfc25b13118e4608a510cc2fb034794,0.01%,46.32MiB / 4GiB,1.13%
2026-04-20T18:08:29Z,707bd8a231a551b4a56b4248ed1915e574f25be6b63f66effcd1ed4f404a2dda,0.00%,47.72MiB / 512MiB,9.32%
2026-04-20T18:08:29Z,8c240331e94a063d2b64a8b8a9cb0a2380a64790faabc2f4f55ae505f342d41e,1.72%,277.8MiB / 1GiB,27.13%
2026-04-20T18:08:29Z,735f81c8f13e50c17f76e4a237e3d2d6805825cdb4495792c497889c396d270f,0.39%,268.8MiB / 1GiB,26.25%
2026-04-20T18:08:29Z,8b1931ea1977ce92f55d0a98e568c5cce0d52bd6750daa20d38ddddecab31302,1.66%,449.7MiB / 1GiB,43.92%
2026-04-20T18:08:29Z,89bf1864880be1818a9b138f876fe913b8dc653649d8367ab356d0d8cb416d55,0.00%,46.85MiB / 31.3GiB,0.15%
2026-04-20T18:09:02Z,8da66479234942dc009ec84e8a3400ff772c3a81a7d3cff0bc9692b5e242bf92,18.93%,356.7MiB / 12GiB,2.90%
2026-04-20T18:09:02Z,b319a3f7c7c16d044477f1836e37bece739792c56820f1477bd3f9c420075f5b,0.01%,4.102MiB / 256MiB,1.60%
2026-04-20T18:09:02Z,31cc36f9d7b820b5a02846978ca10a28a6483a2f5a0bd15a0c515d61ed0376bd,0.53%,1.924GiB / 9GiB,21.38%
2026-04-20T18:09:02Z,8f639fdc8d151413229eca21f87217a559da480dd40abcc549af038a7b53f813,0.64%,2.374GiB / 4GiB,59.35%
2026-04-20T18:09:02Z,88b3bd505d461a68892586d441b55222ba02f719ea3456235cd90ec9ac245ec1,0.00%,29.69MiB / 31.3GiB,0.09%
2026-04-20T18:09:02Z,1ce7a3d06cdb6246f9fc70fa7ff48153c171c197f110f456297e0e7a4e2165eb,0.00%,8.105MiB / 512MiB,1.58%
2026-04-20T18:09:02Z,d6b977384d80c3a57cfb54c5a9c581d5ca880d76c2c1f2bd9cd67f490f67ae25,0.21%,117.4MiB / 2GiB,5.73%
2026-04-20T18:09:02Z,8d5fca34d5443b21d1761f5661daef07d2d9d7e1cb72b8177fe05670e9ae3ba8,0.71%,321.4MiB / 2GiB,15.70%
2026-04-20T18:09:02Z,78eea2df72e77ee0a3b90c68c32171bd6c09ef412139c638b90d4151abbf6f72,4.63%,7.227MiB / 1GiB,0.71%
2026-04-20T18:09:02Z,49b7e2540ff41fa5fef1bd0442ec50cc6a18f1780a6fc0a13bd1aa3c2de5f536,0.04%,9.891MiB / 512MiB,1.93%
2026-04-20T18:09:02Z,10c8496a280e3ec370eaf98ce0db6f74ebfc25b13118e4608a510cc2fb034794,0.03%,46.32MiB / 4GiB,1.13%
2026-04-20T18:09:02Z,707bd8a231a551b4a56b4248ed1915e574f25be6b63f66effcd1ed4f404a2dda,0.00%,47.73MiB / 512MiB,9.32%
2026-04-20T18:09:02Z,8c240331e94a063d2b64a8b8a9cb0a2380a64790faabc2f4f55ae505f342d41e,1.63%,277.8MiB / 1GiB,27.13%
2026-04-20T18:09:02Z,735f81c8f13e50c17f76e4a237e3d2d6805825cdb4495792c497889c396d270f,0.18%,268.8MiB / 1GiB,26.25%
2026-04-20T18:09:02Z,8b1931ea1977ce92f55d0a98e568c5cce0d52bd6750daa20d38ddddecab31302,2.99%,313.6MiB / 1GiB,30.62%
2026-04-20T18:09:02Z,89bf1864880be1818a9b138f876fe913b8dc653649d8367ab356d0d8cb416d55,5.89%,47.09MiB / 31.3GiB,0.15%
2026-04-20T18:09:34Z,8da66479234942dc009ec84e8a3400ff772c3a81a7d3cff0bc9692b5e242bf92,1.65%,356.5MiB / 12GiB,2.90%
2026-04-20T18:09:34Z,b319a3f7c7c16d044477f1836e37bece739792c56820f1477bd3f9c420075f5b,0.02%,4.098MiB / 256MiB,1.60%
2026-04-20T18:09:34Z,31cc36f9d7b820b5a02846978ca10a28a6483a2f5a0bd15a0c515d61ed0376bd,0.47%,1.924GiB / 9GiB,21.38%
2026-04-20T18:09:34Z,8f639fdc8d151413229eca21f87217a559da480dd40abcc549af038a7b53f813,0.62%,2.374GiB / 4GiB,59.35%
2026-04-20T18:09:34Z,88b3bd505d461a68892586d441b55222ba02f719ea3456235cd90ec9ac245ec1,0.00%,29.69MiB / 31.3GiB,0.09%
2026-04-20T18:09:34Z,1ce7a3d06cdb6246f9fc70fa7ff48153c171c197f110f456297e0e7a4e2165eb,0.00%,8.105MiB / 512MiB,1.58%
2026-04-20T18:09:34Z,d6b977384d80c3a57cfb54c5a9c581d5ca880d76c2c1f2bd9cd67f490f67ae25,2.75%,117.4MiB / 2GiB,5.73%
2026-04-20T18:09:34Z,8d5fca34d5443b21d1761f5661daef07d2d9d7e1cb72b8177fe05670e9ae3ba8,0.70%,321.4MiB / 2GiB,15.70%
2026-04-20T18:09:34Z,78eea2df72e77ee0a3b90c68c32171bd6c09ef412139c638b90d4151abbf6f72,1.83%,7.477MiB / 1GiB,0.73%
2026-04-20T18:09:34Z,49b7e2540ff41fa5fef1bd0442ec50cc6a18f1780a6fc0a13bd1aa3c2de5f536,0.03%,9.883MiB / 512MiB,1.93%
2026-04-20T18:09:34Z,10c8496a280e3ec370eaf98ce0db6f74ebfc25b13118e4608a510cc2fb034794,2.76%,46.39MiB / 4GiB,1.13%
2026-04-20T18:09:34Z,707bd8a231a551b4a56b4248ed1915e574f25be6b63f66effcd1ed4f404a2dda,0.00%,47.72MiB / 512MiB,9.32%
2026-04-20T18:09:34Z,8c240331e94a063d2b64a8b8a9cb0a2380a64790faabc2f4f55ae505f342d41e,1.70%,278.5MiB / 1GiB,27.19%
2026-04-20T18:09:34Z,735f81c8f13e50c17f76e4a237e3d2d6805825cdb4495792c497889c396d270f,0.20%,268.8MiB / 1GiB,26.25%
2026-04-20T18:09:34Z,8b1931ea1977ce92f55d0a98e568c5cce0d52bd6750daa20d38ddddecab31302,1.80%,449.4MiB / 1GiB,43.88%
2026-04-20T18:09:34Z,89bf1864880be1818a9b138f876fe913b8dc653649d8367ab356d0d8cb416d55,0.00%,46.85MiB / 31.3GiB,0.15%
2026-04-20T18:10:07Z,8da66479234942dc009ec84e8a3400ff772c3a81a7d3cff0bc9692b5e242bf92,16.82%,361.1MiB / 12GiB,2.94%
2026-04-20T18:10:07Z,b319a3f7c7c16d044477f1836e37bece739792c56820f1477bd3f9c420075f5b,0.01%,4.094MiB / 256MiB,1.60%
2026-04-20T18:10:07Z,31cc36f9d7b820b5a02846978ca10a28a6483a2f5a0bd15a0c515d61ed0376bd,0.50%,1.924GiB / 9GiB,21.38%
2026-04-20T18:10:07Z,8f639fdc8d151413229eca21f87217a559da480dd40abcc549af038a7b53f813,0.61%,2.374GiB / 4GiB,59.36%
2026-04-20T18:10:07Z,88b3bd505d461a68892586d441b55222ba02f719ea3456235cd90ec9ac245ec1,0.00%,29.72MiB / 31.3GiB,0.09%
2026-04-20T18:10:07Z,1ce7a3d06cdb6246f9fc70fa7ff48153c171c197f110f456297e0e7a4e2165eb,0.00%,8.105MiB / 512MiB,1.58%
2026-04-20T18:10:07Z,d6b977384d80c3a57cfb54c5a9c581d5ca880d76c2c1f2bd9cd67f490f67ae25,0.10%,117.4MiB / 2GiB,5.73%
2026-04-20T18:10:07Z,8d5fca34d5443b21d1761f5661daef07d2d9d7e1cb72b8177fe05670e9ae3ba8,0.81%,321.4MiB / 2GiB,15.70%
2026-04-20T18:10:07Z,78eea2df72e77ee0a3b90c68c32171bd6c09ef412139c638b90d4151abbf6f72,2.04%,7.223MiB / 1GiB,0.71%
2026-04-20T18:10:07Z,49b7e2540ff41fa5fef1bd0442ec50cc6a18f1780a6fc0a13bd1aa3c2de5f536,0.03%,9.891MiB / 512MiB,1.93%
2026-04-20T18:10:07Z,10c8496a280e3ec370eaf98ce0db6f74ebfc25b13118e4608a510cc2fb034794,0.02%,46.31MiB / 4GiB,1.13%
2026-04-20T18:10:07Z,707bd8a231a551b4a56b4248ed1915e574f25be6b63f66effcd1ed4f404a2dda,0.00%,47.72MiB / 512MiB,9.32%
2026-04-20T18:10:07Z,8c240331e94a063d2b64a8b8a9cb0a2380a64790faabc2f4f55ae505f342d41e,1.90%,277.8MiB / 1GiB,27.13%
2026-04-20T18:10:07Z,735f81c8f13e50c17f76e4a237e3d2d6805825cdb4495792c497889c396d270f,0.23%,268.8MiB / 1GiB,26.25%
2026-04-20T18:10:07Z,8b1931ea1977ce92f55d0a98e568c5cce0d52bd6750daa20d38ddddecab31302,98.81%,405.1MiB / 1GiB,39.57%
2026-04-20T18:10:07Z,89bf1864880be1818a9b138f876fe913b8dc653649d8367ab356d0d8cb416d55,0.00%,46.85MiB / 31.3GiB,0.15%
2026-04-20T18:10:40Z,8da66479234942dc009ec84e8a3400ff772c3a81a7d3cff0bc9692b5e242bf92,0.01%,356.5MiB / 12GiB,2.90%
2026-04-20T18:10:40Z,b319a3f7c7c16d044477f1836e37bece739792c56820f1477bd3f9c420075f5b,0.02%,4.09MiB / 256MiB,1.60%
2026-04-20T18:10:40Z,31cc36f9d7b820b5a02846978ca10a28a6483a2f5a0bd15a0c515d61ed0376bd,0.45%,1.924GiB / 9GiB,21.38%
2026-04-20T18:10:40Z,8f639fdc8d151413229eca21f87217a559da480dd40abcc549af038a7b53f813,0.68%,2.374GiB / 4GiB,59.35%
2026-04-20T18:10:40Z,88b3bd505d461a68892586d441b55222ba02f719ea3456235cd90ec9ac245ec1,0.00%,29.72MiB / 31.3GiB,0.09%
2026-04-20T18:10:40Z,1ce7a3d06cdb6246f9fc70fa7ff48153c171c197f110f456297e0e7a4e2165eb,0.00%,8.105MiB / 512MiB,1.58%
2026-04-20T18:10:40Z,d6b977384d80c3a57cfb54c5a9c581d5ca880d76c2c1f2bd9cd67f490f67ae25,0.22%,117.4MiB / 2GiB,5.73%
2026-04-20T18:10:40Z,8d5fca34d5443b21d1761f5661daef07d2d9d7e1cb72b8177fe05670e9ae3ba8,0.67%,321.4MiB / 2GiB,15.70%
2026-04-20T18:10:40Z,78eea2df72e77ee0a3b90c68c32171bd6c09ef412139c638b90d4151abbf6f72,2.02%,7.973MiB / 1GiB,0.78%
2026-04-20T18:10:40Z,49b7e2540ff41fa5fef1bd0442ec50cc6a18f1780a6fc0a13bd1aa3c2de5f536,0.02%,9.883MiB / 512MiB,1.93%
2026-04-20T18:10:40Z,10c8496a280e3ec370eaf98ce0db6f74ebfc25b13118e4608a510cc2fb034794,0.01%,46.26MiB / 4GiB,1.13%
2026-04-20T18:10:40Z,707bd8a231a551b4a56b4248ed1915e574f25be6b63f66effcd1ed4f404a2dda,0.04%,47.72MiB / 512MiB,9.32%
2026-04-20T18:10:40Z,8c240331e94a063d2b64a8b8a9cb0a2380a64790faabc2f4f55ae505f342d41e,1.77%,278.2MiB / 1GiB,27.17%
2026-04-20T18:10:40Z,735f81c8f13e50c17f76e4a237e3d2d6805825cdb4495792c497889c396d270f,0.25%,268.8MiB / 1GiB,26.25%
2026-04-20T18:10:40Z,8b1931ea1977ce92f55d0a98e568c5cce0d52bd6750daa20d38ddddecab31302,1.71%,450MiB / 1GiB,43.95%
2026-04-20T18:10:40Z,89bf1864880be1818a9b138f876fe913b8dc653649d8367ab356d0d8cb416d55,0.00%,46.85MiB / 31.3GiB,0.15%
2026-04-20T18:11:12Z,8da66479234942dc009ec84e8a3400ff772c3a81a7d3cff0bc9692b5e242bf92,1.04%,356.5MiB / 12GiB,2.90%
2026-04-20T18:11:12Z,b319a3f7c7c16d044477f1836e37bece739792c56820f1477bd3f9c420075f5b,3.54%,4.098MiB / 256MiB,1.60%
2026-04-20T18:11:12Z,31cc36f9d7b820b5a02846978ca10a28a6483a2f5a0bd15a0c515d61ed0376bd,0.44%,1.924GiB / 9GiB,21.38%
2026-04-20T18:11:12Z,8f639fdc8d151413229eca21f87217a559da480dd40abcc549af038a7b53f813,0.63%,2.374GiB / 4GiB,59.35%
2026-04-20T18:11:12Z,88b3bd505d461a68892586d441b55222ba02f719ea3456235cd90ec9ac245ec1,0.00%,29.72MiB / 31.3GiB,0.09%
2026-04-20T18:11:12Z,1ce7a3d06cdb6246f9fc70fa7ff48153c171c197f110f456297e0e7a4e2165eb,0.00%,8.105MiB / 512MiB,1.58%
2026-04-20T18:11:12Z,d6b977384d80c3a57cfb54c5a9c581d5ca880d76c2c1f2bd9cd67f490f67ae25,0.28%,117.4MiB / 2GiB,5.73%
2026-04-20T18:11:12Z,8d5fca34d5443b21d1761f5661daef07d2d9d7e1cb72b8177fe05670e9ae3ba8,4.24%,321.5MiB / 2GiB,15.70%
2026-04-20T18:11:12Z,78eea2df72e77ee0a3b90c68c32171bd6c09ef412139c638b90d4151abbf6f72,4.53%,7.617MiB / 1GiB,0.74%
2026-04-20T18:11:12Z,49b7e2540ff41fa5fef1bd0442ec50cc6a18f1780a6fc0a13bd1aa3c2de5f536,2.38%,9.891MiB / 512MiB,1.93%
2026-04-20T18:11:12Z,10c8496a280e3ec370eaf98ce0db6f74ebfc25b13118e4608a510cc2fb034794,0.02%,46.22MiB / 4GiB,1.13%
2026-04-20T18:11:12Z,707bd8a231a551b4a56b4248ed1915e574f25be6b63f66effcd1ed4f404a2dda,0.00%,47.73MiB / 512MiB,9.32%
2026-04-20T18:11:12Z,8c240331e94a063d2b64a8b8a9cb0a2380a64790faabc2f4f55ae505f342d41e,1.65%,277.8MiB / 1GiB,27.13%
2026-04-20T18:11:12Z,735f81c8f13e50c17f76e4a237e3d2d6805825cdb4495792c497889c396d270f,8.68%,268.8MiB / 1GiB,26.25%
2026-04-20T18:11:12Z,8b1931ea1977ce92f55d0a98e568c5cce0d52bd6750daa20d38ddddecab31302,5.41%,450.4MiB / 1GiB,43.98%
2026-04-20T18:11:12Z,89bf1864880be1818a9b138f876fe913b8dc653649d8367ab356d0d8cb416d55,0.00%,46.85MiB / 31.3GiB,0.15%
2026-04-20T18:11:45Z,8da66479234942dc009ec84e8a3400ff772c3a81a7d3cff0bc9692b5e242bf92,0.00%,356.4MiB / 12GiB,2.90%
2026-04-20T18:11:45Z,b319a3f7c7c16d044477f1836e37bece739792c56820f1477bd3f9c420075f5b,0.02%,4.094MiB / 256MiB,1.60%
2026-04-20T18:11:45Z,31cc36f9d7b820b5a02846978ca10a28a6483a2f5a0bd15a0c515d61ed0376bd,0.51%,1.924GiB / 9GiB,21.38%
2026-04-20T18:11:45Z,8f639fdc8d151413229eca21f87217a559da480dd40abcc549af038a7b53f813,0.63%,2.374GiB / 4GiB,59.35%
2026-04-20T18:11:45Z,88b3bd505d461a68892586d441b55222ba02f719ea3456235cd90ec9ac245ec1,0.00%,29.75MiB / 31.3GiB,0.09%
2026-04-20T18:11:45Z,1ce7a3d06cdb6246f9fc70fa7ff48153c171c197f110f456297e0e7a4e2165eb,0.00%,8.105MiB / 512MiB,1.58%
2026-04-20T18:11:45Z,d6b977384d80c3a57cfb54c5a9c581d5ca880d76c2c1f2bd9cd67f490f67ae25,0.14%,117.4MiB / 2GiB,5.73%
2026-04-20T18:11:45Z,8d5fca34d5443b21d1761f5661daef07d2d9d7e1cb72b8177fe05670e9ae3ba8,0.72%,321.4MiB / 2GiB,15.70%
2026-04-20T18:11:45Z,78eea2df72e77ee0a3b90c68c32171bd6c09ef412139c638b90d4151abbf6f72,2.02%,7.469MiB / 1GiB,0.73%
2026-04-20T18:11:45Z,49b7e2540ff41fa5fef1bd0442ec50cc6a18f1780a6fc0a13bd1aa3c2de5f536,0.02%,9.891MiB / 512MiB,1.93%
2026-04-20T18:11:45Z,10c8496a280e3ec370eaf98ce0db6f74ebfc25b13118e4608a510cc2fb034794,0.03%,46.26MiB / 4GiB,1.13%
2026-04-20T18:11:45Z,707bd8a231a551b4a56b4248ed1915e574f25be6b63f66effcd1ed4f404a2dda,0.00%,47.71MiB / 512MiB,9.32%
2026-04-20T18:11:45Z,8c240331e94a063d2b64a8b8a9cb0a2380a64790faabc2f4f55ae505f342d41e,1.69%,277.9MiB / 1GiB,27.14%
2026-04-20T18:11:45Z,735f81c8f13e50c17f76e4a237e3d2d6805825cdb4495792c497889c396d270f,0.48%,268.8MiB / 1GiB,26.25%
2026-04-20T18:11:45Z,8b1931ea1977ce92f55d0a98e568c5cce0d52bd6750daa20d38ddddecab31302,1.67%,450.9MiB / 1GiB,44.03%
2026-04-20T18:11:45Z,89bf1864880be1818a9b138f876fe913b8dc653649d8367ab356d0d8cb416d55,0.00%,46.85MiB / 31.3GiB,0.15%
2026-04-20T18:12:17Z,8da66479234942dc009ec84e8a3400ff772c3a81a7d3cff0bc9692b5e242bf92,2.03%,356.4MiB / 12GiB,2.90%
2026-04-20T18:12:17Z,b319a3f7c7c16d044477f1836e37bece739792c56820f1477bd3f9c420075f5b,0.01%,4.09MiB / 256MiB,1.60%
2026-04-20T18:12:17Z,31cc36f9d7b820b5a02846978ca10a28a6483a2f5a0bd15a0c515d61ed0376bd,0.51%,1.924GiB / 9GiB,21.38%
2026-04-20T18:12:17Z,8f639fdc8d151413229eca21f87217a559da480dd40abcc549af038a7b53f813,0.75%,2.374GiB / 4GiB,59.35%
2026-04-20T18:12:17Z,88b3bd505d461a68892586d441b55222ba02f719ea3456235cd90ec9ac245ec1,0.00%,29.75MiB / 31.3GiB,0.09%
2026-04-20T18:12:17Z,1ce7a3d06cdb6246f9fc70fa7ff48153c171c197f110f456297e0e7a4e2165eb,0.00%,8.105MiB / 512MiB,1.58%
2026-04-20T18:12:17Z,d6b977384d80c3a57cfb54c5a9c581d5ca880d76c2c1f2bd9cd67f490f67ae25,0.22%,117.4MiB / 2GiB,5.73%
2026-04-20T18:12:17Z,8d5fca34d5443b21d1761f5661daef07d2d9d7e1cb72b8177fe05670e9ae3ba8,0.69%,321.4MiB / 2GiB,15.70%
2026-04-20T18:12:17Z,78eea2df72e77ee0a3b90c68c32171bd6c09ef412139c638b90d4151abbf6f72,2.09%,7.473MiB / 1GiB,0.73%
2026-04-20T18:12:17Z,49b7e2540ff41fa5fef1bd0442ec50cc6a18f1780a6fc0a13bd1aa3c2de5f536,0.03%,9.887MiB / 512MiB,1.93%
2026-04-20T18:12:17Z,10c8496a280e3ec370eaf98ce0db6f74ebfc25b13118e4608a510cc2fb034794,0.42%,46.61MiB / 4GiB,1.14%
2026-04-20T18:12:17Z,707bd8a231a551b4a56b4248ed1915e574f25be6b63f66effcd1ed4f404a2dda,0.00%,47.72MiB / 512MiB,9.32%
2026-04-20T18:12:17Z,8c240331e94a063d2b64a8b8a9cb0a2380a64790faabc2f4f55ae505f342d41e,1.76%,277.8MiB / 1GiB,27.13%
2026-04-20T18:12:17Z,735f81c8f13e50c17f76e4a237e3d2d6805825cdb4495792c497889c396d270f,0.49%,268.8MiB / 1GiB,26.25%
2026-04-20T18:12:17Z,8b1931ea1977ce92f55d0a98e568c5cce0d52bd6750daa20d38ddddecab31302,4.26%,449.6MiB / 1GiB,43.90%
2026-04-20T18:12:17Z,89bf1864880be1818a9b138f876fe913b8dc653649d8367ab356d0d8cb416d55,0.00%,46.85MiB / 31.3GiB,0.15%
2026-04-20T18:12:50Z,8da66479234942dc009ec84e8a3400ff772c3a81a7d3cff0bc9692b5e242bf92,1.25%,356.4MiB / 12GiB,2.90%
2026-04-20T18:12:50Z,b319a3f7c7c16d044477f1836e37bece739792c56820f1477bd3f9c420075f5b,0.01%,4.09MiB / 256MiB,1.60%
2026-04-20T18:12:50Z,31cc36f9d7b820b5a02846978ca10a28a6483a2f5a0bd15a0c515d61ed0376bd,8.71%,1.924GiB / 9GiB,21.38%
2026-04-20T18:12:50Z,8f639fdc8d151413229eca21f87217a559da480dd40abcc549af038a7b53f813,0.55%,2.374GiB / 4GiB,59.35%
2026-04-20T18:12:50Z,88b3bd505d461a68892586d441b55222ba02f719ea3456235cd90ec9ac245ec1,0.00%,29.82MiB / 31.3GiB,0.09%
2026-04-20T18:12:50Z,1ce7a3d06cdb6246f9fc70fa7ff48153c171c197f110f456297e0e7a4e2165eb,0.00%,8.109MiB / 512MiB,1.58%
2026-04-20T18:12:50Z,d6b977384d80c3a57cfb54c5a9c581d5ca880d76c2c1f2bd9cd67f490f67ae25,2.64%,117.4MiB / 2GiB,5.73%
2026-04-20T18:12:50Z,8d5fca34d5443b21d1761f5661daef07d2d9d7e1cb72b8177fe05670e9ae3ba8,0.68%,321.4MiB / 2GiB,15.70%
2026-04-20T18:12:50Z,78eea2df72e77ee0a3b90c68c32171bd6c09ef412139c638b90d4151abbf6f72,1.88%,7.473MiB / 1GiB,0.73%
2026-04-20T18:12:50Z,49b7e2540ff41fa5fef1bd0442ec50cc6a18f1780a6fc0a13bd1aa3c2de5f536,0.02%,9.891MiB / 512MiB,1.93%
2026-04-20T18:12:50Z,10c8496a280e3ec370eaf98ce0db6f74ebfc25b13118e4608a510cc2fb034794,2.60%,46.25MiB / 4GiB,1.13%
2026-04-20T18:12:50Z,707bd8a231a551b4a56b4248ed1915e574f25be6b63f66effcd1ed4f404a2dda,0.00%,47.72MiB / 512MiB,9.32%
2026-04-20T18:12:50Z,8c240331e94a063d2b64a8b8a9cb0a2380a64790faabc2f4f55ae505f342d41e,1.68%,277.8MiB / 1GiB,27.13%
2026-04-20T18:12:50Z,735f81c8f13e50c17f76e4a237e3d2d6805825cdb4495792c497889c396d270f,0.50%,268.8MiB / 1GiB,26.25%
2026-04-20T18:12:50Z,8b1931ea1977ce92f55d0a98e568c5cce0d52bd6750daa20d38ddddecab31302,10.08%,450.3MiB / 1GiB,43.97%
2026-04-20T18:12:50Z,89bf1864880be1818a9b138f876fe913b8dc653649d8367ab356d0d8cb416d55,0.00%,46.85MiB / 31.3GiB,0.15%
2026-04-20T18:13:23Z,8da66479234942dc009ec84e8a3400ff772c3a81a7d3cff0bc9692b5e242bf92,6.04%,356.4MiB / 12GiB,2.90%
2026-04-20T18:13:23Z,b319a3f7c7c16d044477f1836e37bece739792c56820f1477bd3f9c420075f5b,3.37%,4.094MiB / 256MiB,1.60%
2026-04-20T18:13:23Z,31cc36f9d7b820b5a02846978ca10a28a6483a2f5a0bd15a0c515d61ed0376bd,0.45%,1.924GiB / 9GiB,21.38%
2026-04-20T18:13:23Z,8f639fdc8d151413229eca21f87217a559da480dd40abcc549af038a7b53f813,0.62%,2.374GiB / 4GiB,59.35%
2026-04-20T18:13:23Z,88b3bd505d461a68892586d441b55222ba02f719ea3456235cd90ec9ac245ec1,0.00%,29.82MiB / 31.3GiB,0.09%
2026-04-20T18:13:23Z,1ce7a3d06cdb6246f9fc70fa7ff48153c171c197f110f456297e0e7a4e2165eb,0.00%,8.109MiB / 512MiB,1.58%
2026-04-20T18:13:23Z,d6b977384d80c3a57cfb54c5a9c581d5ca880d76c2c1f2bd9cd67f490f67ae25,0.22%,117.4MiB / 2GiB,5.73%
2026-04-20T18:13:23Z,8d5fca34d5443b21d1761f5661daef07d2d9d7e1cb72b8177fe05670e9ae3ba8,0.67%,321.4MiB / 2GiB,15.70%
2026-04-20T18:13:23Z,78eea2df72e77ee0a3b90c68c32171bd6c09ef412139c638b90d4151abbf6f72,1.91%,7.227MiB / 1GiB,0.71%
2026-04-20T18:13:23Z,49b7e2540ff41fa5fef1bd0442ec50cc6a18f1780a6fc0a13bd1aa3c2de5f536,0.02%,9.895MiB / 512MiB,1.93%
2026-04-20T18:13:23Z,10c8496a280e3ec370eaf98ce0db6f74ebfc25b13118e4608a510cc2fb034794,0.41%,46.27MiB / 4GiB,1.13%
2026-04-20T18:13:23Z,707bd8a231a551b4a56b4248ed1915e574f25be6b63f66effcd1ed4f404a2dda,0.00%,47.72MiB / 512MiB,9.32%
2026-04-20T18:13:23Z,8c240331e94a063d2b64a8b8a9cb0a2380a64790faabc2f4f55ae505f342d41e,5.01%,277.8MiB / 1GiB,27.13%
2026-04-20T18:13:23Z,735f81c8f13e50c17f76e4a237e3d2d6805825cdb4495792c497889c396d270f,0.41%,268.8MiB / 1GiB,26.25%
2026-04-20T18:13:23Z,8b1931ea1977ce92f55d0a98e568c5cce0d52bd6750daa20d38ddddecab31302,3.31%,449.8MiB / 1GiB,43.93%
2026-04-20T18:13:23Z,89bf1864880be1818a9b138f876fe913b8dc653649d8367ab356d0d8cb416d55,0.00%,46.85MiB / 31.3GiB,0.15%
2026-04-20T18:13:56Z,8da66479234942dc009ec84e8a3400ff772c3a81a7d3cff0bc9692b5e242bf92,6.64%,356.5MiB / 12GiB,2.90%
2026-04-20T18:13:56Z,b319a3f7c7c16d044477f1836e37bece739792c56820f1477bd3f9c420075f5b,0.01%,4.094MiB / 256MiB,1.60%
2026-04-20T18:13:56Z,31cc36f9d7b820b5a02846978ca10a28a6483a2f5a0bd15a0c515d61ed0376bd,219.46%,2.114GiB / 9GiB,23.49%
2026-04-20T18:13:56Z,8f639fdc8d151413229eca21f87217a559da480dd40abcc549af038a7b53f813,0.62%,2.374GiB / 4GiB,59.35%
2026-04-20T18:13:56Z,88b3bd505d461a68892586d441b55222ba02f719ea3456235cd90ec9ac245ec1,0.00%,29.82MiB / 31.3GiB,0.09%
2026-04-20T18:13:56Z,1ce7a3d06cdb6246f9fc70fa7ff48153c171c197f110f456297e0e7a4e2165eb,0.00%,8.109MiB / 512MiB,1.58%
2026-04-20T18:13:56Z,d6b977384d80c3a57cfb54c5a9c581d5ca880d76c2c1f2bd9cd67f490f67ae25,0.24%,117.4MiB / 2GiB,5.73%
2026-04-20T18:13:56Z,8d5fca34d5443b21d1761f5661daef07d2d9d7e1cb72b8177fe05670e9ae3ba8,0.69%,321.4MiB / 2GiB,15.70%
2026-04-20T18:13:56Z,78eea2df72e77ee0a3b90c68c32171bd6c09ef412139c638b90d4151abbf6f72,1.83%,7.723MiB / 1GiB,0.75%
2026-04-20T18:13:56Z,49b7e2540ff41fa5fef1bd0442ec50cc6a18f1780a6fc0a13bd1aa3c2de5f536,0.02%,9.883MiB / 512MiB,1.93%
2026-04-20T18:13:56Z,10c8496a280e3ec370eaf98ce0db6f74ebfc25b13118e4608a510cc2fb034794,0.03%,46.26MiB / 4GiB,1.13%
2026-04-20T18:13:56Z,707bd8a231a551b4a56b4248ed1915e574f25be6b63f66effcd1ed4f404a2dda,0.00%,47.72MiB / 512MiB,9.32%
2026-04-20T18:13:56Z,8c240331e94a063d2b64a8b8a9cb0a2380a64790faabc2f4f55ae505f342d41e,1.81%,277.8MiB / 1GiB,27.13%
2026-04-20T18:13:56Z,735f81c8f13e50c17f76e4a237e3d2d6805825cdb4495792c497889c396d270f,0.20%,268.8MiB / 1GiB,26.25%
2026-04-20T18:13:56Z,8b1931ea1977ce92f55d0a98e568c5cce0d52bd6750daa20d38ddddecab31302,2.94%,313.4MiB / 1GiB,30.61%
2026-04-20T18:13:56Z,89bf1864880be1818a9b138f876fe913b8dc653649d8367ab356d0d8cb416d55,0.00%,46.87MiB / 31.3GiB,0.15%
2026-04-20T18:14:28Z,8da66479234942dc009ec84e8a3400ff772c3a81a7d3cff0bc9692b5e242bf92,6.13%,356.9MiB / 12GiB,2.90%
2026-04-20T18:14:28Z,b319a3f7c7c16d044477f1836e37bece739792c56820f1477bd3f9c420075f5b,0.01%,4.094MiB / 256MiB,1.60%
2026-04-20T18:14:28Z,31cc36f9d7b820b5a02846978ca10a28a6483a2f5a0bd15a0c515d61ed0376bd,0.47%,1.924GiB / 9GiB,21.38%
2026-04-20T18:14:28Z,8f639fdc8d151413229eca21f87217a559da480dd40abcc549af038a7b53f813,0.57%,2.374GiB / 4GiB,59.36%
2026-04-20T18:14:28Z,88b3bd505d461a68892586d441b55222ba02f719ea3456235cd90ec9ac245ec1,0.00%,29.82MiB / 31.3GiB,0.09%
2026-04-20T18:14:28Z,1ce7a3d06cdb6246f9fc70fa7ff48153c171c197f110f456297e0e7a4e2165eb,0.00%,8.109MiB / 512MiB,1.58%
2026-04-20T18:14:28Z,d6b977384d80c3a57cfb54c5a9c581d5ca880d76c2c1f2bd9cd67f490f67ae25,0.27%,117.7MiB / 2GiB,5.75%
2026-04-20T18:14:28Z,8d5fca34d5443b21d1761f5661daef07d2d9d7e1cb72b8177fe05670e9ae3ba8,0.66%,321.4MiB / 2GiB,15.70%
2026-04-20T18:14:28Z,78eea2df72e77ee0a3b90c68c32171bd6c09ef412139c638b90d4151abbf6f72,1.88%,7.219MiB / 1GiB,0.70%
2026-04-20T18:14:28Z,49b7e2540ff41fa5fef1bd0442ec50cc6a18f1780a6fc0a13bd1aa3c2de5f536,0.02%,9.891MiB / 512MiB,1.93%
2026-04-20T18:14:28Z,10c8496a280e3ec370eaf98ce0db6f74ebfc25b13118e4608a510cc2fb034794,0.38%,46.27MiB / 4GiB,1.13%
2026-04-20T18:14:28Z,707bd8a231a551b4a56b4248ed1915e574f25be6b63f66effcd1ed4f404a2dda,0.00%,47.72MiB / 512MiB,9.32%
2026-04-20T18:14:28Z,8c240331e94a063d2b64a8b8a9cb0a2380a64790faabc2f4f55ae505f342d41e,1.62%,277.8MiB / 1GiB,27.13%
2026-04-20T18:14:28Z,735f81c8f13e50c17f76e4a237e3d2d6805825cdb4495792c497889c396d270f,0.23%,268.8MiB / 1GiB,26.25%
2026-04-20T18:14:28Z,8b1931ea1977ce92f55d0a98e568c5cce0d52bd6750daa20d38ddddecab31302,2.94%,450.7MiB / 1GiB,44.01%
2026-04-20T18:14:28Z,89bf1864880be1818a9b138f876fe913b8dc653649d8367ab356d0d8cb416d55,0.00%,46.86MiB / 31.3GiB,0.15%
